{
 "ours_14000": {
  "SSIM": 0.8771904110908508,
  "PSNR": 24.23215103149414,
  "LPIPS-vgg": 0.16734933853149414,
  "LPIPS-alex": 0.07508385181427002,
  "MS-SSIM": 0.9031650424003601,
  "D-SSIM": 0.048417434096336365
 }
}