{
 "ours_14000": {
  "SSIM": 0.8543074727058411,
  "PSNR": 27.894453048706055,
  "LPIPS-vgg": 0.19328266382217407,
  "LPIPS-alex": 0.13555710017681122,
  "MS-SSIM": 0.939189076423645,
  "D-SSIM": 0.03040548600256443
 }
}