{
 "ours_20000": {
  "SSIM": 0.9848917126655579,
  "PSNR": 34.200767517089844,
  "LPIPS-vgg": 0.021568551659584045,
  "LPIPS-alex": 0.012655730359256268,
  "MS-SSIM": 0.9925793409347534,
  "D-SSIM": 0.003710336983203888
 }
}