{
 "ours_20000": {
  "SSIM": 0.9878841638565063,
  "PSNR": 37.47281265258789,
  "LPIPS-vgg": 0.01694805547595024,
  "LPIPS-alex": 0.009117549285292625,
  "MS-SSIM": 0.9969800114631653,
  "D-SSIM": 0.001509962952695787
 }
}