{
 "ours_14000": {
  "SSIM": 0.3661119341850281,
  "PSNR": 21.917394638061523,
  "LPIPS-vgg": 0.5574955344200134,
  "LPIPS-alex": 0.549521803855896,
  "MS-SSIM": 0.6867032051086426,
  "D-SSIM": 0.15664835274219513
 }
}