{
 "ours_14000": {
  "SSIM": 0.7058329582214355,
  "PSNR": 22.030054092407227,
  "LPIPS-vgg": 0.32326728105545044,
  "LPIPS-alex": 0.26762956380844116,
  "MS-SSIM": 0.808096706867218,
  "D-SSIM": 0.09595166891813278
 }
}