{
 "ours_20000": {
  "SSIM": 0.989759087562561,
  "PSNR": 38.10911178588867,
  "LPIPS-vgg": 0.014007195830345154,
  "LPIPS-alex": 0.007364531513303518,
  "MS-SSIM": 0.9966769218444824,
  "D-SSIM": 0.0016615018248558044
 }
}