{
 "ours_14000": {
  "SSIM": 0.8636630177497864,
  "PSNR": 25.72370147705078,
  "LPIPS-vgg": 0.16876523196697235,
  "LPIPS-alex": 0.07843036204576492,
  "MS-SSIM": 0.9037870764732361,
  "D-SSIM": 0.048106443136930466
 }
}