{
 "ours_20000": {
  "SSIM": 0.937889575958252,
  "PSNR": 25.06437110900879,
  "LPIPS-vgg": 0.05605651065707207,
  "LPIPS-alex": 0.03819618746638298,
  "MS-SSIM": 0.9534783363342285,
  "D-SSIM": 0.023260848596692085
 }
}