{
 "ours_20000": {
  "SSIM": 0.9879488945007324,
  "PSNR": 37.711360931396484,
  "LPIPS-vgg": 0.016647949814796448,
  "LPIPS-alex": 0.008500616997480392,
  "MS-SSIM": 0.9971807599067688,
  "D-SSIM": 0.0014095648657530546
 }
}