{
 "ours_20000": {
  "SSIM": 0.9943249821662903,
  "PSNR": 40.706207275390625,
  "LPIPS-vgg": 0.015250364318490028,
  "LPIPS-alex": 0.006208549253642559,
  "MS-SSIM": 0.9952718615531921,
  "D-SSIM": 0.0023641109000891447
 }
}