{
 "ours_20000": {
  "SSIM": 0.9898034930229187,
  "PSNR": 37.99988555908203,
  "LPIPS-vgg": 0.013883602805435658,
  "LPIPS-alex": 0.007291189394891262,
  "MS-SSIM": 0.9966537356376648,
  "D-SSIM": 0.0016731306677684188
 }
}