{
 "ours_14000": {
  "SSIM": 0.7669268250465393,
  "PSNR": 19.169185638427734,
  "LPIPS-vgg": 0.2275637835264206,
  "LPIPS-alex": 0.12056397646665573,
  "MS-SSIM": 0.805654764175415,
  "D-SSIM": 0.09717264026403427
 }
}