{
 "ours_20000": {
  "SSIM": 0.985389232635498,
  "PSNR": 35.24628448486328,
  "LPIPS-vgg": 0.020090922713279724,
  "LPIPS-alex": 0.013102686032652855,
  "MS-SSIM": 0.9933153986930847,
  "D-SSIM": 0.003342276904731989
 }
}