{
 "ours_14000": {
  "SSIM": 0.8148626089096069,
  "PSNR": 28.695232391357422,
  "LPIPS-vgg": 0.27554354071617126,
  "LPIPS-alex": 0.1799367517232895,
  "MS-SSIM": 0.9307116866111755,
  "D-SSIM": 0.03464413434267044
 }
}