{
 "ours_14000": {
  "SSIM": 0.7422780990600586,
  "PSNR": 17.812118530273438,
  "LPIPS-vgg": 0.33006751537323,
  "LPIPS-alex": 0.24409152567386627,
  "MS-SSIM": 0.692319929599762,
  "D-SSIM": 0.1538400501012802
 }
}