{
 "ours_14000": {
  "SSIM": 0.8198856115341187,
  "PSNR": 24.1010684967041,
  "LPIPS-vgg": 0.2467605322599411,
  "LPIPS-alex": 0.1415577232837677,
  "MS-SSIM": 0.8249340057373047,
  "D-SSIM": 0.08753300458192825
 }
}