{
 "ours_20000": {
  "SSIM": 0.9767937660217285,
  "PSNR": 32.96759796142578,
  "LPIPS-vgg": 0.02677590772509575,
  "LPIPS-alex": 0.01649700291454792,
  "MS-SSIM": 0.9899619817733765,
  "D-SSIM": 0.005019019357860088
 }
}