{
 "ours_20000": {
  "SSIM": 0.9734959602355957,
  "PSNR": 28.792184829711914,
  "LPIPS-vgg": 0.0373774990439415,
  "LPIPS-alex": 0.0248741265386343,
  "MS-SSIM": 0.9854786992073059,
  "D-SSIM": 0.007260660640895367
 }
}