{
 "ours_14000": {
  "SSIM": 0.8711010217666626,
  "PSNR": 25.6767578125,
  "LPIPS-vgg": 0.18929365277290344,
  "LPIPS-alex": 0.08343451470136642,
  "MS-SSIM": 0.8859311938285828,
  "D-SSIM": 0.05703436955809593
 }
}