{
 "ours_20000": {
  "SSIM": 0.9732898473739624,
  "PSNR": 28.687103271484375,
  "LPIPS-vgg": 0.037229012697935104,
  "LPIPS-alex": 0.024842092767357826,
  "MS-SSIM": 0.985371470451355,
  "D-SSIM": 0.007314248476177454
 }
}