{
 "ours_20000": {
  "SSIM": 0.9943835139274597,
  "PSNR": 40.84834671020508,
  "LPIPS-vgg": 0.0148980263620615,
  "LPIPS-alex": 0.005670956335961819,
  "MS-SSIM": 0.9955922365188599,
  "D-SSIM": 0.002203904092311859
 }
}