{
 "ours_14000": {
  "SSIM": 0.8126943707466125,
  "PSNR": 22.62051010131836,
  "LPIPS-vgg": 0.20147819817066193,
  "LPIPS-alex": 0.10879753530025482,
  "MS-SSIM": 0.8463238477706909,
  "D-SSIM": 0.07683802396059036
 }
}