{
 "ours_20000": {
  "SSIM": 0.9757655262947083,
  "PSNR": 32.82435607910156,
  "LPIPS-vgg": 0.02749078907072544,
  "LPIPS-alex": 0.017041679471731186,
  "MS-SSIM": 0.9894727468490601,
  "D-SSIM": 0.005263621918857098
 }
}