{
 "ours_20000": {
  "SSIM": 0.9856327772140503,
  "PSNR": 35.33043670654297,
  "LPIPS-vgg": 0.020130129531025887,
  "LPIPS-alex": 0.01288156770169735,
  "MS-SSIM": 0.9934684038162231,
  "D-SSIM": 0.003265816019847989
 }
}