{
 "ours_20000": {
  "SSIM": 0.9842376708984375,
  "PSNR": 33.97549819946289,
  "LPIPS-vgg": 0.022307293489575386,
  "LPIPS-alex": 0.013931071385741234,
  "MS-SSIM": 0.9917889833450317,
  "D-SSIM": 0.0041055516339838505
 }
}