{
 "ours_20000": {
  "SSIM": 0.93761146068573,
  "PSNR": 25.035186767578125,
  "LPIPS-vgg": 0.05665989965200424,
  "LPIPS-alex": 0.03897656872868538,
  "MS-SSIM": 0.9531989097595215,
  "D-SSIM": 0.023400593549013138
 }
}